{
  "gfx908_gemm_11776_100_50_0_0_0_float64_float64_float64_float64": {"rocblas": 0.0542298}, 
  "gfx908_gemm_11776_1_25_0_1_0_float64_float64_float64_float64": {"rocblas": 0.4073}, 
  "gfx908_gemm_11776_25_1_0_0_0_float64_float64_float64_float64": {"rocblas": 0.0333659}, 
  "gfx908_gemm_11776_25_50_0_1_0_float64_float64_float64_float64": {"rocblas": 0.474722}, 
  "gfx908_gemm_11776_50_100_0_1_0_float64_float64_float64_float64": {"rocblas": 0.683839}, 
  "gfx908_gemm_11776_50_25_0_0_0_float64_float64_float64_float64": {"rocblas": 0.0434122}, 
  "gfx908_gemm_128_1600_240_0_1_0_float64_float64_float64_float64": {"rocblas": 0.22671}, 
  "gfx908_gemm_128_1_240_0_0_0_float64_float64_float64_float64": {"rocblas": 0.0679344}, 
  "gfx908_gemm_128_240_1600_0_0_0_float64_float64_float64_float64": {"rocblas": 0.212654}, 
  "gfx908_gemm_128_240_1_0_1_0_float64_float64_float64_float64": {"rocblas": 0.0526973}, 
  "gfx908_gemm_128_240_240_0_0_0_float64_float64_float64_float64": {"rocblas": 0.0547655}, 
  "gfx908_gemm_128_240_240_0_1_0_float64_float64_float64_float64": {"rocblas": 0.101211}, 
  "gfx908_gemm_1600_240_128_1_0_0_float64_float64_float64_float64": {"rocblas": 0.0506813}, 
  "gfx908_gemm_1600_240_64_1_0_0_float64_float64_float64_float64": {"rocblas": 0.0409028}, 
  "gfx908_gemm_1_25_11776_1_0_0_float64_float64_float64_float64": {"rocblas": 1.8564}, 
  "gfx908_gemm_1_25_2944_1_0_0_float64_float64_float64_float64": {"rocblas": 0.478015}, 
  "gfx908_gemm_1_25_5888_1_0_0_float64_float64_float64_float64": {"rocblas": 0.931702}, 
  "gfx908_gemm_240_1_128_1_0_0_float64_float64_float64_float64": {"rocblas": 0.040635}, 
  "gfx908_gemm_240_1_64_1_0_0_float64_float64_float64_float64": {"rocblas": 0.0361752}, 
  "gfx908_gemm_240_240_128_1_0_0_float64_float64_float64_float64": {"rocblas": 0.0400421}, 
  "gfx908_gemm_240_240_64_1_0_0_float64_float64_float64_float64": {"rocblas": 0.0338274}, 
  "gfx908_gemm_25_50_11776_1_0_0_float64_float64_float64_float64": {"rocblas": 3.45082}, 
  "gfx908_gemm_25_50_2944_1_0_0_float64_float64_float64_float64": {"rocblas": 0.375449}, 
  "gfx908_gemm_25_50_5888_1_0_0_float64_float64_float64_float64": {"rocblas": 0.709254}, 
  "gfx908_gemm_2944_100_50_0_0_0_float64_float64_float64_float64": {"rocblas": 0.0373525}, 
  "gfx908_gemm_2944_1_25_0_1_0_float64_float64_float64_float64": {"rocblas": 0.119835}, 
  "gfx908_gemm_2944_25_1_0_0_0_float64_float64_float64_float64": {"rocblas": 0.042944}, 
  "gfx908_gemm_2944_25_50_0_1_0_float64_float64_float64_float64": {"rocblas": 0.139579}, 
  "gfx908_gemm_2944_50_100_0_1_0_float64_float64_float64_float64": {"rocblas": 0.192327}, 
  "gfx908_gemm_2944_50_25_0_0_0_float64_float64_float64_float64": {"rocblas": 0.0295613}, 
  "gfx908_gemm_50_100_11776_1_0_0_float64_float64_float64_float64": {"rocblas": 3.37133}, 
  "gfx908_gemm_50_100_2944_1_0_0_float64_float64_float64_float64": {"rocblas": 0.36304}, 
  "gfx908_gemm_50_100_5888_1_0_0_float64_float64_float64_float64": {"rocblas": 0.702759}, 
  "gfx908_gemm_5888_100_50_0_0_0_float64_float64_float64_float64": {"rocblas": 0.0435503}, 
  "gfx908_gemm_5888_1_25_0_1_0_float64_float64_float64_float64": {"rocblas": 0.217275}, 
  "gfx908_gemm_5888_25_1_0_0_0_float64_float64_float64_float64": {"rocblas": 0.0575024}, 
  "gfx908_gemm_5888_25_50_0_1_0_float64_float64_float64_float64": {"rocblas": 0.245415}, 
  "gfx908_gemm_5888_50_100_0_1_0_float64_float64_float64_float64": {"rocblas": 0.370504}, 
  "gfx908_gemm_5888_50_25_0_0_0_float64_float64_float64_float64": {"rocblas": 0.0404312}, 
  "gfx908_gemm_64_1600_240_0_1_0_float64_float64_float64_float64": {"rocblas": 0.138435}, 
  "gfx908_gemm_64_1_240_0_0_0_float64_float64_float64_float64": {"rocblas": 0.0694771}, 
  "gfx908_gemm_64_240_1600_0_0_0_float64_float64_float64_float64": {"rocblas": 0.21282}, 
  "gfx908_gemm_64_240_1_0_1_0_float64_float64_float64_float64": {"rocblas": 0.0437928}, 
  "gfx908_gemm_64_240_240_0_0_0_float64_float64_float64_float64": {"rocblas": 0.0554021}, 
  "gfx908_gemm_64_240_240_0_1_0_float64_float64_float64_float64": {"rocblas": 0.0648843}
}